Workbook
Name Slicer_Brand: #N/A
Name Slicer_Category: #N/A
Name Slicer_Region_Clean: #N/A

Sheet Products

Sheet Return

Sheet Dashboard
B3: Total Sales | C3: (YoY Comparison) | E3: Total Profit | F3: (YoY Comparison) | H3: Total Orders | I3: YoY Comparison | K3: Return Rate | M3: Profit Margin
B4: =GETPIVOTDATA("Sales",Analysis!$A$3) -> 27988522 | C4: =Analysis!J5 -> -0.83207689 | E4: =GETPIVOTDATA("Profit",Analysis!$A$13) -> 4637875.4 | F4: =Analysis!J15 -> -0.83532478 | H4: =GETPIVOTDATA("OrderID",Analysis!$A$21) -> 11200 | I4: =Analysis!J23 -> -0.83333333 | K4: =GETPIVOTDATA("OrderID",Analysis!$A$31,"Return Status","Returned") -> 0.10035714 | M4: =GETPIVOTDATA("Profit Margin",Analysis!$A$37) -> 0.16599267
U13: x

Sheet Analysis
A2: Total Sales
A3: Sum of Sales | D3: Column Labels
A4: 27988522 | D4: 2023 | E4: 2024 | F4: Grand Total | H4: Latest Year | I4: Last Year | J4: YoY Comparison
C5: Sum of Sales | D5: 23964353 | E5: 4024168.6 | F5: 27988522 | H5: =GETPIVOTDATA("Sales",$C$3,"Years (Order Date)",2024) -> 4024168.6 | I5: =GETPIVOTDATA("Sales",$C$3,"Years (Order Date)",2023) -> 23964353 | J5: =(H5-I5)/I5 -> -0.83207689
A12: Total Profit | D12: Column Labels
A13: Sum of Profit | D13: 2023 | E13: 2024 | F13: Grand Total
A14: 4637875.4 | C14: Sum of Profit | D14: 3982119.1 | E14: 655756.35 | F14: 4637875.4 | H14: Latest Year | I14: Last Year | J14: YoY Comparison
H15: =GETPIVOTDATA("Profit",$C$12,"Years (Order Date)",2024) -> 655756.35 | I15: =GETPIVOTDATA("Profit",$C$12,"Years (Order Date)",2023) -> 3982119.1 | J15: =(H15-I15)/I15 -> -0.83532478
A20: Order Count
A21: Count of OrderID | D21: Column Labels
A22: 11200 | D22: 2023 | E22: 2024 | F22: Grand Total | H22: Latest Year | I22: Last Year | J22: YoY Comparison
H23: =GETPIVOTDATA("OrderID",$C$21,"Years (Order Date)",2024) -> 1600 | I23: =GETPIVOTDATA("OrderID",$C$21,"Years (Order Date)",2023) -> 9600 | J23: =(H23-I23)/I23 -> -0.83333333
C26: Count of OrderID | D26: 9600 | E26: 1600 | F26: 11200
A30: Return Rate %
B31: Column Labels
B32: Not Returned | C32: Returned | D32: Grand Total
A33: Count of OrderID | B33: 0.89964286 | C33: 0.10035714 | D33: 1
A36: Profit Margin %
A37: Average of Profit Margin
A38: 0.16599267
A42: Row Labels | B42: Sum of Sales
A43: 44957 | B43: 1936163.8
A44: 44985 | B44: 1968022.9
A45: 45016 | B45: 2007815.6
A46: 45046 | B46: 2001662.7
A47: 45077 | B47: 1967145.6
A48: 45107 | B48: 2007811.8
A49: 45138 | B49: 2016326.4
A50: 45169 | B50: 1983777.4
A51: 45199 | B51: 1991132.8
A52: 45230 | B52: 2070128.9
A53: 45260 | B53: 2015438.2
A54: 45291 | B54: 1998926.9
... A56: 45351 | B56: 2069878.9
A57: Grand Total | B57: 27988522
A65: Row Labels | B65: Sum of Sales | C65: Average of Profit Margin
A66: 44957 | B66: 1936163.8 | C66: 0.17022167
A67: 44985 | B67: 1968022.9 | C67: 0.1639608
A68: 45016 | B68: 2007815.6 | C68: 0.16871927
A69: 45046 | B69: 2001662.7 | C69: 0.16408619
A70: 45077 | B70: 1967145.6 | C70: 0.16525647
A71: 45107 | B71: 2007811.8 | C71: 0.17029594
A72: 45138 | B72: 2016326.4 | C72: 0.16709941
A73: 45169 | B73: 1983777.4 | C73: 0.16351077
A74: 45199 | B74: 1991132.8 | C74: 0.16496969
A75: 45230 | B75: 2070128.9 | C75: 0.1630325
A76: 45260 | B76: 2015438.2 | C76: 0.16523381
A77: 45291 | B77: 1998926.9 | C77: 0.16641212
... A79: 45351 | B79: 2069878.9 | C79: 0.16659494
A80: Grand Total | B80: 27988522 | C80: 0.16599267
B84: Row Labels | C84: Sum of Sales | D84: Sum of Profit
B85: Hyderabad | C85: 3567920.3 | D85: 586948.54
B86: Chennai | C86: 3545174.5 | D86: 590652.45
B87: Kolkata | C87: 3532953.5 | D87: 574634.17
B88: Pune | C88: 3518784.5 | D88: 582073.72
B89: Mumbai | C89: 3507727.7 | D89: 595151.47
B90: Bengaluru | C90: 3487949.2 | D90: 591251.48
B91: New Delhi | C91: 3444671.6 | D91: 548258.99
B92: Ahmedabad | C92: 3383340.3 | D92: 568904.61
B93: Grand Total | C93: 27988522 | D93: 4637875.4
B98: Row Labels | C98: Sum of Return (1 or 0)
B99: East | C99: 0.1797153
B100: North | C100: 0.41192171
B101: South | C101: 0.24911032
B102: West | C102: 0.15925267
B103: Grand Total | C103: 1
C114: Row Labels | D114: Sum of Sales
C115: Accessories | D115: 7056155.6
C116: Fashion | D116: 7180933.9
C117: Electronics | D117: 13751432
C118: Grand Total | D118: 27988522

Sheet EDA questions
A3: Row Labels | B3: Sum of Sales | C3: Average of Profit Margin
A4: 2023 | B4: 23964353 | C4: 0.16606655
A5: Qtr1 | B5: 5912002.4 | C5: 0.16763392
A6: Jan | B6: 1936163.8 | C6: 0.17022167
A7: 44957 | B7: 1936163.8 | C7: 0.17022167
A8: Feb | B8: 1968022.9 | C8: 0.1639608
A9: 44985 | B9: 1968022.9 | C9: 0.1639608
A10: Mar | B10: 2007815.6 | C10: 0.16871927
A11: 45016 | B11: 2007815.6 | C11: 0.16871927
A12: Qtr2 | B12: 5976620.1 | C12: 0.1665462
A13: Apr | B13: 2001662.7 | C13: 0.16408619
A14: 45046 | B14: 2001662.7 | C14: 0.16408619
A15: May | B15: 1967145.6 | C15: 0.16525647
A16: 45077 | B16: 1967145.6 | C16: 0.16525647
A17: Jun | B17: 2007811.8 | C17: 0.17029594
A18: 45107 | B18: 2007811.8 | C18: 0.17029594
A19: Qtr3 | B19: 5991236.5 | C19: 0.16519329
A20: Jul | B20: 2016326.4 | C20: 0.16709941
A21: 45138 | B21: 2016326.4 | C21: 0.16709941
A22: Aug | B22: 1983777.4 | C22: 0.16351077
A23: 45169 | B23: 1983777.4 | C23: 0.16351077 | E23: Row Labels | F23: Sum of Sales
A24: Sep | B24: 1991132.8 | C24: 0.16496969 | E24: 2023 | F24: 23964353
A25: 45199 | B25: 1991132.8 | C25: 0.16496969 | E25: Qtr1 | F25: 5912002.3
A26: Qtr4 | B26: 6084494 | C26: 0.16489281 | E26: Jan | F26: 1936163.8
A27: Oct | B27: 2070128.9 | C27: 0.1630325 | E27: 44957 | F27: 1936163.8
A28: 45230 | B28: 2070128.9 | C28: 0.1630325 | E28: Feb | F28: 1968022.9
A29: Nov | B29: 2015438.2 | C29: 0.16523381 | E29: 44985 | F29: 1968022.9
A30: 45260 | B30: 2015438.2 | C30: 0.16523381 | E30: Mar | F30: 2007815.6
A31: Dec | B31: 1998926.9 | C31: 0.16641212 | E31: 45016 | F31: 2007815.6
A32: 45291 | B32: 1998926.9 | C32: 0.16641212 | E32: Qtr2 | F32: 5976620.1
A33: 2024 | B33: 4024168.6 | C33: 0.16554938 | E33: Apr | F33: 2001662.7
A34: Qtr1 | B34: 4024168.6 | C34: 0.16554938 | E34: 45046 | F34: 2001662.7
A35: Jan | B35: 1954289.7 | C35: 0.16450383 | E35: May | F35: 1967145.6
A36: 45322 | B36: 1954289.7 | C36: 0.16450383 | E36: 45077 | F36: 1967145.6
A37: Feb | B37: 2069878.9 | C37: 0.16659494 | E37: Jun | F37: 2007811.8
A38: 45351 | B38: 2069878.9 | C38: 0.16659494 | E38: 45107 | F38: 2007811.8
A39: Grand Total | B39: 27988522 | C39: 0.16599267 | E39: Qtr3 | F39: 5991236.5
E40: Jul | F40: 2016326.4
E41: 45138 | F41: 2016326.4
E42: Aug | F42: 1983777.4 | L42: Row Labels | M42: Sum of Sales
E43: 45169 | F43: 1983777.4 | L43: East | M43: 4578597.2
E44: Sep | F44: 1991132.8 | L44: North | M44: 11864784
E45: 45199 | F45: 1991132.8 | L45: South | M45: 6792448.4
E46: Qtr4 | F46: 6084494 | L46: West | M46: 4752692.4
E47: Oct | F47: 2070128.9 | L47: Grand Total | M47: 27988522
E48: 45230 | F48: 2070128.9
E49: Nov | F49: 2015438.2
E50: 45260 | F50: 2015438.2
E51: Dec | F51: 1998926.9
E52: 45291 | F52: 1998926.9
E53: 2024 | F53: 4024168.6
E54: Qtr1 | F54: 4024168.6
E55: Jan | F55: 1954289.7
E56: 45322 | F56: 1954289.7
E57: Feb | F57: 2069878.9
E58: 45351 | F58: 2069878.9
C59: Row Labels | D59: Sum of Sales | E59: Grand Total | F59: 27988522
C60: SHOES | D60: 1920935.7
C61: charger | D61: 1862547.4
C62: bag | D62: 1814083.4
C63: Tablet | D63: 1803029.1
C64: SHIRT | D64: 1774014.8
C65: Laptop | D65: 1730366.3
C66: watch | D66: 1727323.9
C67: Camera | D67: 1698968.4
C68: jacket | D68: 1693688.7
C69: HEADPHONES | D69: 1688054.6
C70: Grand Total | D70: 17713012
L77: Row Labels | M77: Sum of Profit
L78: Charlie Brown | M78: 201057.39
L79: Eva Adams | M79: 193370.74
L80: Bob Johnson | M80: 188515.06
L81: Olivia Li | M81: 188187.65
L82: David Lee | M82: 186261.26
L83: Grand Total | M83: 957392.1
F94: Row Labels | G94: Sum of Sales
F95: Large Order | G95: 26847687
F96: Medium Order | G96: 854400.71
F97: Small Order | G97: 286433.98
F98: Grand Total | G98: 27988522
C107: Region | D107: Orders | E107: Returned | F107: Return Rate
C108: North | D108: =COUNTIFS(SalesData[Region_Clean],'EDA questions'!C108) -> 4688 | E108: =COUNTIFS(SalesData[Region_Clean],'EDA questions'!C108,SalesData[Return Status],'EDA questions'!$E$107) -> 463 | F108: =E108/D108 -> 0.098762799
C109: East | D109: =COUNTIFS(SalesData[Region_Clean],'EDA questions'!C109) -> 1884 | E109: =COUNTIFS(SalesData[Region_Clean],'EDA questions'!C109,SalesData[Return Status],'EDA questions'!$E$107) -> 202 | F109: =E109/D109 -> 0.10721868
C110: South | D110: =COUNTIFS(SalesData[Region_Clean],'EDA questions'!C110) -> 2752 | E110: =COUNTIFS(SalesData[Region_Clean],'EDA questions'!C110,SalesData[Return Status],'EDA questions'!$E$107) -> 280 | F110: =E110/D110 -> 0.10174419
C111: West | D111: =COUNTIFS(SalesData[Region_Clean],'EDA questions'!C111) -> 1876 | E111: =COUNTIFS(SalesData[Region_Clean],'EDA questions'!C111,SalesData[Return Status],'EDA questions'!$E$107) -> 179 | F111: =E111/D111 -> 0.095415778
L115: Row Labels | M115: Sum of Profit
L116: High Profit | M116: 2597296.8
L117: Low Profit | M117: 450988.97
L118: Medium Profit | M118: 1589589.7
L119: Grand Total | M119: 4637875.4
E128: Row Labels | F128: Sum of Profit Margin
E129: Accessories | F129: 469.93147
E130: Electronics | F130: 917.18648
E131: Fashion | F131: 471.99998
E132: Grand Total | F132: 1859.1179

Sheet Quaterly Sales Trend
A3: Row Labels | B3: Sum of Sales
A4: (blank) | B4: 1117.79 | N4: 1 | O4: =N4+2 -> 3 | P4: =INT(O4/3) -> 1 | Q4: ="Q"&P4&"-"&YEAR(TODAY()) -> Q1-2026
A5: Q1-2024 | B5: 4024168.6 | N5: 2 | O5: =N5+2 -> 4 | P5: =INT(O5/3) -> 1 | Q5: ="Q"&P5&"-"&YEAR(TODAY()) -> Q1-2026
A6: Q1-2023 | B6: 5910884.6 | N6: 3 | O6: =N6+2 -> 5 | P6: =INT(O6/3) -> 1 | Q6: ="Q"&P6&"-"&YEAR(TODAY()) -> Q1-2026
A7: Q2-2023 | B7: 5976620.1 | N7: 4 | O7: =N7+2 -> 6 | P7: =INT(O7/3) -> 2 | Q7: ="Q"&P7&"-"&YEAR(TODAY()) -> Q2-2026
A8: Q3-2023 | B8: 5991236.5 | N8: 5 | O8: =N8+2 -> 7 | P8: =INT(O8/3) -> 2 | Q8: ="Q"&P8&"-"&YEAR(TODAY()) -> Q2-2026
A9: Q4-2023 | B9: 6084494 | N9: 6 | O9: =N9+2 -> 8 | P9: =INT(O9/3) -> 2 | Q9: ="Q"&P9&"-"&YEAR(TODAY()) -> Q2-2026
A10: Grand Total | B10: 27988522 | N10: 7 | O10: =N10+2 -> 9 | P10: =INT(O10/3) -> 3 | Q10: ="Q"&P10&"-"&YEAR(TODAY()) -> Q3-2026
N11: 8 | O11: =N11+2 -> 10 | P11: =INT(O11/3) -> 3 | Q11: ="Q"&P11&"-"&YEAR(TODAY()) -> Q3-2026
N12: 9 | O12: =N12+2 -> 11 | P12: =INT(O12/3) -> 3 | Q12: ="Q"&P12&"-"&YEAR(TODAY()) -> Q3-2026
N13: 10 | O13: =N13+2 -> 12 | P13: =INT(O13/3) -> 4 | Q13: ="Q"&P13&"-"&YEAR(TODAY()) -> Q4-2026

Sheet SalesData
A1: OrderID | B1: Order Date | C1: Customer Name | D1: City | E1: Phone Number | F1: Product | G1: ProductCode | H1: Brand | I1: Category | J1: Region | K1: Sales | L1: Profit | M1: Region_Clean | N1: Profit Margin | O1: Sales Size | P1: Profitability Flag | Q1: ReturnReason | R1: Return Status | S1: Return (1 or 0) | T1: UnitPrice | U1: Order Month(MMM-YY) | V1: Order Date(Q)
A2: ORD-202301-00001 | B2: 44932 | C2: Lina Gomez | D2: Mumbai | E2: 8196001338 | F2: jacket | G2: PRD-108-JAC | H2: NorthFace | I2: Fashion | J2: N | K2: 1117.79 | L2: 211.38 | M2: North | N2: 0.18910529 | O2: Large Order | P2: Medium Profit | R2: Not Returned | S2: =IF(SalesData[[#This Row],[Return Status]]="Returned",1,0) -> 0 | T2: 2085.91 | U2: =EOMONTH(SalesData[[#This Row],[Order Date]],0) -> 44957
A3: ORD-202301-00002 | B3: 44947 | C3: Eva Adams | D3: Mumbai | E3: 1615594078 | F3: Shirt | G3: PRD-101-SHI | H3: Adidas | I3: Fashion | J3: North | K3: 2895.21 | L3: 637.62 | M3: North | N3: 0.22023273 | O3: Large Order | P3: High Profit | R3: Not Returned | S3: =IF(SalesData[[#This Row],[Return Status]]="Returned",1,0) -> 0 | T3: 2821.33 | U3: =EOMONTH(SalesData[[#This Row],[Order Date]],0) -> 44957 | V3: ="Q"&INT((MONTH(SalesData[[#This Row],[Order Date]])+2)/3)&"-"&YEAR(SalesData[[#This Row],[Order Date]]) -> Q1-2023
A4: ORD-202301-00006 | B4: 44941 | C4: Ishan Kapoor | D4: New Delhi | E4: 9570154303 | F4: SHIRT | G4: PRD-101-SHI | H4: Adidas | I4: Fashion | J4: East | K4: 659.39 | L4: 104.4 | M4: East | N4: 0.15832815 | O4: Medium Order | P4: Medium Profit | R4: Not Returned | S4: =IF(SalesData[[#This Row],[Return Status]]="Returned",1,0) -> 0 | T4: 2821.33 | U4: =EOMONTH(SalesData[[#This Row],[Order Date]],0) -> 44957 | V4: ="Q"&INT((MONTH(SalesData[[#This Row],[Order Date]])+2)/3)&"-"&YEAR(SalesData[[#This Row],[Order Date]]) -> Q1-2023
A5: ORD-202301-00003 | B5: 44930 | C5: Nikhil Roy | D5: Hyderabad | E5: 2553419283 | F5: PHONE | G5: PRD-106-PHO | H5: Apple | I5: Electronics | J5: North | K5: 3429.38 | L5: 883.31 | M5: North | N5: 0.25757134 | O5: Large Order | P5: High Profit | R5: Not Returned | S5: =IF(SalesData[[#This Row],[Return Status]]="Returned",1,0) -> 0 | T5: 2788.38 | U5: =EOMONTH(SalesData[[#This Row],[Order Date]],0) -> 44957 | V5: ="Q"&INT((MONTH(SalesData[[#This Row],[Order Date]])+2)/3)&"-"&YEAR(SalesData[[#This Row],[Order Date]]) -> Q1-2023
A6: ORD-202301-00004 | B6: 44942 | C6: Eva Adams | D6: Hyderabad | E6: 3767242388 | F6: SUNGLASSES | G6: PRD-109-SUN | H6: RayBan | I6: Accessories | J6: N | K6: 2557.44 | L6: 139.5 | M6: North | N6: 0.054546734 | O6: Large Order | P6: Low Profit | R6: Not Returned | S6: =IF(SalesData[[#This Row],[Return Status]]="Returned",1,0) -> 0 | U6: =EOMONTH(SalesData[[#This Row],[Order Date]],0) -> 44957 | V6: ="Q"&INT((MONTH(SalesData[[#This Row],[Order Date]])+2)/3)&"-"&YEAR(SalesData[[#This Row],[Order Date]]) -> Q1-2023
A7: ORD-202301-00007 | B7: 44956 | C7: David Lee | D7: Hyderabad | E7: 7871331509 | F7: Sunglasses | G7: PRD-109-SUN | H7: Unknown | I7: Accessories | J7: North | K7: 1160.13 | L7: 318.41 | M7: North | N7: 0.27446062 | O7: Large Order | P7: High Profit | R7: Not Returned | S7: =IF(SalesData[[#This Row],[Return Status]]="Returned",1,0) -> 0 | U7: =EOMONTH(SalesData[[#This Row],[Order Date]],0) -> 44957 | V7: ="Q"&INT((MONTH(SalesData[[#This Row],[Order Date]])+2)/3)&"-"&YEAR(SalesData[[#This Row],[Order Date]]) -> Q1-2023
A8: ORD-202301-00009 | B8: 44953 | C8: Charlie Brown | D8: Mumbai | E8: 7810801326 | F8: HEADPHONES | G8: PRD-103-HEA | H8: Sony | I8: Electronics | J8: S | K8: 1907.29 | L8: 564.62 | M8: South | N8: 0.29603259 | O8: Large Order | P8: High Profit | R8: Not Returned | S8: =IF(SalesData[[#This Row],[Return Status]]="Returned",1,0) -> 0 | T8: 2183.56 | U8: =EOMONTH(SalesData[[#This Row],[Order Date]],0) -> 44957 | V8: ="Q"&INT((MONTH(SalesData[[#This Row],[Order Date]])+2)/3)&"-"&YEAR(SalesData[[#This Row],[Order Date]]) -> Q1-2023
A9: ORD-202301-00005 | B9: 44934 | C9: Grace Chen | D9: Ahmedabad | E9: 8480184514 | F9: Tablet | G9: PRD - 107 - TAB | H9: Samsung | I9: Electronics | J9: W | K9: 4860 | L9: 1145.65 | M9: West | N9: 0.23573045 | O9: Large Order | P9: High Profit | R9: Not Returned | S9: =IF(SalesData[[#This Row],[Return Status]]="Returned",1,0) -> 0 | U9: =EOMONTH(SalesData[[#This Row],[Order Date]],0) -> 44957 | V9: ="Q"&INT((MONTH(SalesData[[#This Row],[Order Date]])+2)/3)&"-"&YEAR(SalesData[[#This Row],[Order Date]]) -> Q1-2023
A10: ORD-202301-00012 | B10: 44930 | C10: Frank Miller | D10: Kolkata | E10: 9808412411 | F10: Watch | G10: PRD-104-WAT | H10: Fossil | I10: Accessories | J10: North | K10: 1033.91 | L10: 208.07 | M10: North | N10: 0.20124576 | O10: Large Order | P10: High Profit | R10: Not Returned | S10: =IF(SalesData[[#This Row],[Return Status]]="Returned",1,0) -> 0 | T10: 2420.28 | U10: =EOMONTH(SalesData[[#This Row],[Order Date]],0) -> 44957 | V10: ="Q"&INT((MONTH(SalesData[[#This Row],[Order Date]])+2)/3)&"-"&YEAR(SalesData[[#This Row],[Order Date]]) -> Q1-2023
A11: ORD-202301-00361 | B11: 44948 | C11: Bob Johnson | D11: Chennai | E11: 8202368485 | F11: Camera | G11: PRD-110-CAM | H11: Canon | I11: Electronics | J11: N | K11: 2424.45 | L11: 415.59 | M11: North | N11: 0.1714162 | O11: Large Order | P11: Medium Profit | Q11: missing parts | R11: Returned | S11: =IF(SalesData[[#This Row],[Return Status]]="Returned",1,0) -> 1 | U11: =EOMONTH(SalesData[[#This Row],[Order Date]],0) -> 44957 | V11: ="Q"&INT((MONTH(SalesData[[#This Row],[Order Date]])+2)/3)&"-"&YEAR(SalesData[[#This Row],[Order Date]]) -> Q1-2023
A12: ORD-202301-00008 | B12: 44950 | C12: Ishan Kapoor | D12: Ahmedabad | E12: 3763116566 | F12: Camera | G12: PRD-110-CAM | H12: Canon | I12: Electronics | J12: N | K12: 2025.05 | L12: 246.27 | M12: North | N12: 0.12161181 | O12: Large Order | P12: Medium Profit | R12: Not Returned | S12: =IF(SalesData[[#This Row],[Return Status]]="Returned",1,0) -> 0 | U12: =EOMONTH(SalesData[[#This Row],[Order Date]],0) -> 44957 | V12: ="Q"&INT((MONTH(SalesData[[#This Row],[Order Date]])+2)/3)&"-"&YEAR(SalesData[[#This Row],[Order Date]]) -> Q1-2023
A13: ORD-202301-00011 | B13: 44938 | C13: Jaya Rao | D13: Hyderabad | E13: 4353462475 | F13: Tablet | G13: PRD-107-TAB | H13: Samsung | I13: Electronics | J13: South | K13: 384.84 | L13: 33.69 | M13: South | N13: 0.087542875 | O13: Small Order | P13: Low Profit | R13: Not Returned | S13: =IF(SalesData[[#This Row],[Return Status]]="Returned",1,0) -> 0 | T13: 2081.52 | U13: =EOMONTH(SalesData[[#This Row],[Order Date]],0) -> 44957 | V13: ="Q"&INT((MONTH(SalesData[[#This Row],[Order Date]])+2)/3)&"-"&YEAR(SalesData[[#This Row],[Order Date]]) -> Q1-2023
A14: ORD-202301-00010 | B14: 44940 | C14: Lina Gomez | D14: New Delhi | E14: 9805009788 | F14: Jacket | G14: PRD - 108 - JAC | H14: NorthFace | I14: Fashion | J14: East | K14: 3382.56 | L14: 316.29 | M14: East | N14: 0.093506102 | O14: Large Order | P14: Low Profit | R14: Not Returned | S14: =IF(SalesData[[#This Row],[Return Status]]="Returned",1,0) -> 0 | U14: =EOMONTH(SalesData[[#This Row],[Order Date]],0) -> 44957 | V14: ="Q"&INT((MONTH(SalesData[[#This Row],[Order Date]])+2)/3)&"-"&YEAR(SalesData[[#This Row],[Order Date]]) -> Q1-2023
A15: ORD-202301-00013 | B15: 44929 | C15: Karan Singh | D15: Hyderabad | E15: 2427868011 | F15: JACKET | G15: PRD - 108 - JAC | H15: NorthFace | I15: Fashion | J15: North | K15: 2160.34 | L15: 89.21 | M15: North | N15: 0.041294426 | O15: Large Order | P15: Low Profit | R15: Not Returned | S15: =IF(SalesData[[#This Row],[Return Status]]="Returned",1,0) -> 0 | U15: =EOMONTH(SalesData[[#This Row],[Order Date]],0) -> 44957 | V15: ="Q"&INT((MONTH(SalesData[[#This Row],[Order Date]])+2)/3)&"-"&YEAR(SalesData[[#This Row],[Order Date]]) -> Q1-2023
A16: ORD-202301-00469 | B16: 44934 | C16: Jaya Rao | D16: Pune | E16: 487368269 | F16: Phone | G16: PRD-106-PHO | H16: Apple | I16: Electronics | J16: East | K16: 909.54 | L16: 66.36 | M16: East | N16: 0.072959958 | O16: Medium Order | P16: Low Profit | Q16: Wrong item delivered | R16: Returned | S16: =IF(SalesData[[#This Row],[Return Status]]="Returned",1,0) -> 1 | T16: 2788.38 | U16: =EOMONTH(SalesData[[#This Row],[Order Date]],0) -> 44957 | V16: ="Q"&INT((MONTH(SalesData[[#This Row],[Order Date]])+2)/3)&"-"&YEAR(SalesData[[#This Row],[Order Date]]) -> Q1-2023
A17: ORD-202301-00014 | B17: 44944 | C17: Karan Singh | D17: Pune | E17: 9232260256 | F17: watch | G17: PRD-104-WAT | H17: Fossil | I17: Accessories | J17: S | K17: 4363.39 | L17: 1142.42 | M17: South | N17: 0.26181937 | O17: Large Order | P17: High Profit | R17: Not Returned | S17: =IF(SalesData[[#This Row],[Return Status]]="Returned",1,0) -> 0 | T17: 2420.28 | U17: =EOMONTH(SalesData[[#This Row],[Order Date]],0) -> 44957 | V17: ="Q"&INT((MONTH(SalesData[[#This Row],[Order Date]])+2)/3)&"-"&YEAR(SalesData[[#This Row],[Order Date]]) -> Q1-2023
A18: ORD-202302-01176 | B18: 44960 | C18: Karan Singh | D18: Chennai | E18: 6962690222 | F18: bag | G18: PRD-105-BAG | H18: Samsonite | I18: Accessories | J18: S | K18: 538.83 | L18: 128.66 | M18: South | N18: 0.23877661 | O18: Medium Order | P18: High Profit | Q18: Late delivery | R18: Returned | S18: =IF(SalesData[[#This Row],[Return Status]]="Returned",1,0) -> 1 | U18: =EOMONTH(SalesData[[#This Row],[Order Date]],0) -> 44985 | V18: ="Q"&INT((MONTH(SalesData[[#This Row],[Order Date]])+2)/3)&"-"&YEAR(SalesData[[#This Row],[Order Date]]) -> Q1-2023
A19: ORD-202301-00015 | B19: 44943 | C19: Nikhil Roy | D19: Pune | E19: 5414586850 | F19: Laptop | G19: PRD-102-LAP | H19: Dell | I19: Electronics | J19: South | K19: 559.84 | L19: 82.48 | M19: South | N19: 0.14732781 | O19: Medium Order | P19: Medium Profit | Q19: Customer changed mind | R19: Returned | S19: =IF(SalesData[[#This Row],[Return Status]]="Returned",1,0) -> 1 | T19: 847.14 | U19: =EOMONTH(SalesData[[#This Row],[Order Date]],0) -> 44957 | V19: ="Q"&INT((MONTH(SalesData[[#This Row],[Order Date]])+2)/3)&"-"&YEAR(SalesData[[#This Row],[Order Date]]) -> Q1-2023
A20: ORD-202301-00016 | B20: 44956 | C20: Bob Johnson | D20: New Delhi | E20: 6088356159 | F20: charger | G20: PRD-111-CHA | H20: Anker | I20: Electronics | J20: South | K20: 1644.39 | L20: 358.88 | M20: South | N20: 0.21824506 | O20: Large Order | P20: High Profit | R20: Not Returned | S20: =IF(SalesData[[#This Row],[Return Status]]="Returned",1,0) -> 0 | T20: 207.68 | U20: =EOMONTH(SalesData[[#This Row],[Order Date]],0) -> 44957 | V20: ="Q"&INT((MONTH(SalesData[[#This Row],[Order Date]])+2)/3)&"-"&YEAR(SalesData[[#This Row],[Order Date]]) -> Q1-2023
A21: ORD-202301-00017 | B21: 44945 | C21: Lina Gomez | D21: New Delhi | E21: 4436995777 | F21: JACKET | G21: PRD-108-JAC | H21: NorthFace | I21: Fashion | J21: South | K21: 3301.08 | L21: 351.97 | M21: South | N21: 0.10662268 | O21: Large Order | P21: Medium Profit | R21: Not Returned | S21: =IF(SalesData[[#This Row],[Return Status]]="Returned",1,0) -> 0 | T21: 2085.91 | U21: =EOMONTH(SalesData[[#This Row],[Order Date]],0) -> 44957 | V21: ="Q"&INT((MONTH(SalesData[[#This Row],[Order Date]])+2)/3)&"-"&YEAR(SalesData[[#This Row],[Order Date]]) -> Q1-2023
A22: ORD-202301-00425 | B22: 44940 | C22: Eva Adams | D22: New Delhi | E22: 1495427707 | F22: SHOES | G22: PRD-100-SHO | H22: Nike | I22: Fashion | J22: East | K22: 2054.88 | L22: 383.2 | M22: East | N22: 0.18648291 | O22: Large Order | P22: Medium Profit | Q22: DAMAGED | R22: Returned | S22: =IF(SalesData[[#This Row],[Return Status]]="Returned",1,0) -> 1 | T22: 2793.38 | U22: =EOMONTH(SalesData[[#This Row],[Order Date]],0) -> 44957 | V22: ="Q"&INT((MONTH(SalesData[[#This Row],[Order Date]])+2)/3)&"-"&YEAR(SalesData[[#This Row],[Order Date]]) -> Q1-2023
A23: ORD-202301-00018 | B23: 44931 | C23: Karan Singh | D23: New Delhi | E23: 379176936 | F23: Headphones | G23: PRD-103-HEA | H23: Sony | I23: Electronics | J23: North | K23: 3896.53 | L23: 347.13 | M23: North | N23: 0.089086957 | O23: Large Order | P23: Low Profit | R23: Not Returned | S23: =IF(SalesData[[#This Row],[Return Status]]="Returned",1,0) -> 0 | T23: 2183.56 | U23: =EOMONTH(SalesData[[#This Row],[Order Date]],0) -> 44957 | V23: ="Q"&INT((MONTH(SalesData[[#This Row],[Order Date]])+2)/3)&"-"&YEAR(SalesData[[#This Row],[Order Date]]) -> Q1-2023
A24: ORD-202301-00019 | B24: 44954 | C24: Olivia Li | D24: Hyderabad | E24: 7986872774 | F24: jacket | G24: PRD-108-JAC | H24: NorthFace | I24: Fashion | J24: East | K24: 405.87 | L24: 43.49 | M24: East | N24: 0.10715254 | O24: Small Order | P24: Medium Profit | R24: Not Returned | S24: =IF(SalesData[[#This Row],[Return Status]]="Returned",1,0) -> 0 | T24: 2085.91 | U24: =EOMONTH(SalesData[[#This Row],[Order Date]],0) -> 44957 | V24: ="Q"&INT((MONTH(SalesData[[#This Row],[Order Date]])+2)/3)&"-"&YEAR(SalesData[[#This Row],[Order Date]]) -> Q1-2023
A25: ORD-202301-00020 | B25: 44930 | C25: Charlie Brown | D25: Chennai | E25: 1665876036 | F25: Sunglasses | G25: PRD-109-SUN | H25: RayBan | I25: Accessories | J25: West | K25: 1507.09 | L25: 203.9 | M25: West | N25: 0.13529384 | O25: Large Order | P25: Medium Profit | Q25: Customer changed mind | R25: Returned | S25: =IF(SalesData[[#This Row],[Return Status]]="Returned",1,0) -> 1 | T25: 1385.87 | U25: =EOMONTH(SalesData[[#This Row],[Order Date]],0) -> 44957 | V25: ="Q"&INT((MONTH(SalesData[[#This Row],[Order Date]])+2)/3)&"-"&YEAR(SalesData[[#This Row],[Order Date]]) -> Q1-2023
A26: ORD-202301-00021 | B26: 44953 | C26: Olivia Li | D26: Ahmedabad | E26: 656272980 | F26: shirt | G26: PRD-101-SHI | H26: Adidas | I26: Fashion | J26: South | K26: 925.01 | L26: 92.73 | M26: South | N26: 0.10024756 | O26: Medium Order | P26: Medium Profit | R26: Not Returned | S26: =IF(SalesData[[#This Row],[Return Status]]="Returned",1,0) -> 0 | T26: 2821.33 | U26: =EOMONTH(SalesData[[#This Row],[Order Date]],0) -> 44957 | V26: ="Q"&INT((MONTH(SalesData[[#This Row],[Order Date]])+2)/3)&"-"&YEAR(SalesData[[#This Row],[Order Date]]) -> Q1-2023
A27: ORD-202301-00022 | B27: 44943 | C27: Eva Adams | D27: New Delhi | E27: 8053100330 | F27: HEADPHONES | G27: PRD-103-HEA | H27: Sony | I27: Electronics | J27: East | K27: 2335.87 | L27: 231.69 | M27: East | N27: 0.099187883 | O27: Large Order | P27: Low Profit | R27: Not Returned | S27: =IF(SalesData[[#This Row],[Return Status]]="Returned",1,0) -> 0 | T27: 2183.56 | U27: =EOMONTH(SalesData[[#This Row],[Order Date]],0) -> 44957 | V27: ="Q"&INT((MONTH(SalesData[[#This Row],[Order Date]])+2)/3)&"-"&YEAR(SalesData[[#This Row],[Order Date]]) -> Q1-2023
A28: ORD-202301-00023 | B28: 44932 | C28: Eva Adams | D28: Pune | E28: 6319314919 | F28: Jacket | G28: PRD-108-JAC | H28: Unknown | I28: Fashion | J28: W | K28: 83.01 | L28: 11.9 | M28: West | N28: 0.14335622 | O28: Small Order | P28: Medium Profit | R28: Not Returned | S28: =IF(SalesData[[#This Row],[Return Status]]="Returned",1,0) -> 0 | T28: 2085.91 | U28: =EOMONTH(SalesData[[#This Row],[Order Date]],0) -> 44957 | V28: ="Q"&INT((MONTH(SalesData[[#This Row],[Order Date]])+2)/3)&"-"&YEAR(SalesData[[#This Row],[Order Date]]) -> Q1-2023
A29: ORD-202301-00024 | B29: 44949 | C29: Charlie Brown | D29: Kolkata | E29: 9877694531 | F29: headphones | G29: PRD-103-HEA | H29: Sony | I29: Electronics | J29: N | K29: 1695.26 | L29: 277.11 | M29: North | N29: 0.16346165 | O29: Large Order | P29: Medium Profit | R29: Not Returned | S29: =IF(SalesData[[#This Row],[Return Status]]="Returned",1,0) -> 0 | T29: 2183.56 | U29: =EOMONTH(SalesData[[#This Row],[Order Date]],0) -> 44957 | V29: ="Q"&INT((MONTH(SalesData[[#This Row],[Order Date]])+2)/3)&"-"&YEAR(SalesData[[#This Row],[Order Date]]) -> Q1-2023
A30: ORD-202301-00025 | B30: 44944 | C30: Frank Miller | D30: Kolkata | E30: 8083136783 | F30: Camera | G30: PRD-110-CAM | H30: Canon | I30: Electronics | J30: W | K30: 483.41 | L30: 43.43 | M30: West | N30: 0.089840922 | O30: Small Order | P30: Low Profit | R30: Not Returned | S30: =IF(SalesData[[#This Row],[Return Status]]="Returned",1,0) -> 0 | U30: =EOMONTH(SalesData[[#This Row],[Order Date]],0) -> 44957 | V30: ="Q"&INT((MONTH(SalesData[[#This Row],[Order Date]])+2)/3)&"-"&YEAR(SalesData[[#This Row],[Order Date]]) -> Q1-2023
A31: ORD-202301-00026 | B31: 44955 | C31: Hina Patel | D31: Hyderabad | E31: 5744431351 | F31: Headphones | G31: PRD-103-HEA | H31: Sony | I31: Electronics | J31: N | K31: 4902.94 | L31: 1249.32 | M31: North | N31: 0.25481038 | O31: Large Order | P31: High Profit | R31: Not Returned | S31: =IF(SalesData[[#This Row],[Return Status]]="Returned",1,0) -> 0 | T31: 2183.56 | U31: =EOMONTH(SalesData[[#This Row],[Order Date]],0) -> 44957 | V31: ="Q"&INT((MONTH(SalesData[[#This Row],[Order Date]])+2)/3)&"-"&YEAR(SalesData[[#This Row],[Order Date]]) -> Q1-2023
A32: ORD-202301-00027 | B32: 44941 | C32: Lina Gomez | D32: Kolkata | E32: 2710947775 | F32: Watch | G32: PRD-104-WAT | H32: Fossil | I32: Accessories | J32: N | K32: 2015.52 | L32: 100.78 | M32: North | N32: 0.050001985 | O32: Large Order | P32: Low Profit | R32: Not Returned | S32: =IF(SalesData[[#This Row],[Return Status]]="Returned",1,0) -> 0 | T32: 2420.28 | U32: =EOMONTH(SalesData[[#This Row],[Order Date]],0) -> 44957 | V32: ="Q"&INT((MONTH(SalesData[[#This Row],[Order Date]])+2)/3)&"-"&YEAR(SalesData[[#This Row],[Order Date]]) -> Q1-2023
A33: ORD-202301-00028 | B33: 44934 | C33: Eva Adams | D33: Pune | E33: 9993867749 | F33: Sunglasses | G33: PRD-109-SUN | H33: RayBan | I33: Accessories | J33: North | K33: 4739 | L33: 408.04 | M33: North | N33: 0.086102553 | O33: Large Order | P33: Low Profit | R33: Not Returned | S33: =IF(SalesData[[#This Row],[Return Status]]="Returned",1,0) -> 0 | U33: =EOMONTH(SalesData[[#This Row],[Order Date]],0) -> 44957 | V33: ="Q"&INT((MONTH(SalesData[[#This Row],[Order Date]])+2)/3)&"-"&YEAR(SalesData[[#This Row],[Order Date]]) -> Q1-2023
A34: ORD-202301-00029 | B34: 44934 | C34: Charlie Brown | D34: Ahmedabad | E34: 4034471349 | F34: PHONE | G34: PRD-106-PHO | H34: Unknown | I34: Electronics | J34: East | K34: 4543.89 | L34: 1150.47 | M34: East | N34: 0.25319055 | O34: Large Order | P34: High Profit | R34: Not Returned | S34: =IF(SalesData[[#This Row],[Return Status]]="Returned",1,0) -> 0 | T34: 2788.38 | U34: =EOMONTH(SalesData[[#This Row],[Order Date]],0) -> 44957 | V34: ="Q"&INT((MONTH(SalesData[[#This Row],[Order Date]])+2)/3)&"-"&YEAR(SalesData[[#This Row],[Order Date]]) -> Q1-2023
A35: ORD-202301-00030 | B35: 44954 | C35: Hina Patel | D35: Pune | E35: 4887719065 | F35: Shoes | G35: PRD - 100 - SHO | H35: Nike | I35: Fashion | J35: N | K35: 4997.87 | L35: 1057.13 | M35: North | N35: 0.21151611 | O35: Large Order | P35: High Profit | R35: Not Returned | S35: =IF(SalesData[[#This Row],[Return Status]]="Returned",1,0) -> 0 | U35: =EOMONTH(SalesData[[#This Row],[Order Date]],0) -> 44957 | V35: ="Q"&INT((MONTH(SalesData[[#This Row],[Order Date]])+2)/3)&"-"&YEAR(SalesData[[#This Row],[Order Date]]) -> Q1-2023
A36: ORD-202301-00031 | B36: 44949 | C36: Karan Singh | D36: Pune | E36: 7175655125 | F36: Watch | G36: PRD-104-WAT | H36: Unknown | I36: Accessories | J36: East | K36: 2285.03 | L36: 262.59 | M36: East | N36: 0.11491753 | O36: Large Order | P36: Medium Profit | R36: Not Returned | S36: =IF(SalesData[[#This Row],[Return Status]]="Returned",1,0) -> 0 | T36: 2420.28 | U36: =EOMONTH(SalesData[[#This Row],[Order Date]],0) -> 44957 | V36: ="Q"&INT((MONTH(SalesData[[#This Row],[Order Date]])+2)/3)&"-"&YEAR(SalesData[[#This Row],[Order Date]]) -> Q1-2023
A37: ORD-202301-00032 | B37: 44927 | C37: Nikhil Roy | D37: Hyderabad | E37: 9770348247 | F37: SHIRT | G37: PRD - 101 - SHI | H37: Adidas | I37: Fashion | J37: North | K37: 3554.72 | L37: 404.89 | M37: North | N37: 0.11390208 | O37: Large Order | P37: Medium Profit | Q37: Damaged | R37: Returned | S37: =IF(SalesData[[#This Row],[Return Status]]="Returned",1,0) -> 1 | U37: =EOMONTH(SalesData[[#This Row],[Order Date]],0) -> 44957 | V37: ="Q"&INT((MONTH(SalesData[[#This Row],[Order Date]])+2)/3)&"-"&YEAR(SalesData[[#This Row],[Order Date]]) -> Q1-2023
A38: ORD-202301-00033 | B38: 44937 | C38: Hina Patel | D38: Kolkata | E38: 8467737826 | F38: shirt | G38: PRD-101-SHI | H38: Adidas | I38: Fashion | J38: North | K38: 1712.58 | L38: 415.62 | M38: North | N38: 0.24268647 | O38: Large Order | P38: High Profit | R38: Not Returned | S38: =IF(SalesData[[#This Row],[Return Status]]="Returned",1,0) -> 0 | T38: 2821.33 | U38: =EOMONTH(SalesData[[#This Row],[Order Date]],0) -> 44957 | V38: ="Q"&INT((MONTH(SalesData[[#This Row],[Order Date]])+2)/3)&"-"&YEAR(SalesData[[#This Row],[Order Date]]) -> Q1-2023
A39: ORD-202301-00034 | B39: 44941 | C39: Jaya Rao | D39: Ahmedabad | E39: 5588675339 | F39: phone | G39: PRD - 106 - PHO | H39: Apple | I39: Electronics | J39: S | K39: 1942.67 | L39: 406.4 | M39: South | N39: 0.20919662 | O39: Large Order | P39: High Profit | Q39: Late delivery | R39: Returned | S39: =IF(SalesData[[#This Row],[Return Status]]="Returned",1,0) -> 1 | U39: =EOMONTH(SalesData[[#This Row],[Order Date]],0) -> 44957 | V39: ="Q"&INT((MONTH(SalesData[[#This Row],[Order Date]])+2)/3)&"-"&YEAR(SalesData[[#This Row],[Order Date]]) -> Q1-2023
A40: ORD-202301-00035 | B40: 44928 | C40: Ishan Kapoor | D40: Ahmedabad | E40: 1870262174 | F40: camera | G40: PRD - 110 - CAM | H40: Canon | I40: Electronics | J40: North | K40: 4771.62 | L40: 950.68 | M40: North | N40: 0.19923632 | O40: Large Order | P40: Medium Profit | R40: Not Returned | S40: =IF(SalesData[[#This Row],[Return Status]]="Returned",1,0) -> 0 | U40: =EOMONTH(SalesData[[#This Row],[Order Date]],0) -> 44957 | V40: ="Q"&INT((MONTH(SalesData[[#This Row],[Order Date]])+2)/3)&"-"&YEAR(SalesData[[#This Row],[Order Date]]) -> Q1-2023
A41: ORD-202301-00036 | B41: 44956 | C41: David Lee | D41: Pune | E41: 1172400504 | F41: PHONE | G41: PRD-106-PHO | H41: Apple | I41: Electronics | J41: N | K41: 866.52 | L41: 44.47 | M41: North | N41: 0.051320223 | O41: Medium Order | P41: Low Profit | Q41: Defective | R41: Returned | S41: =IF(SalesData[[#This Row],[Return Status]]="Returned",1,0) -> 1 | T41: 2788.38 | U41: =EOMONTH(SalesData[[#This Row],[Order Date]],0) -> 44957 | V41: ="Q"&INT((MONTH(SalesData[[#This Row],[Order Date]])+2)/3)&"-"&YEAR(SalesData[[#This Row],[Order Date]]) -> Q1-2023
A42: ORD-202301-00037 | B42: 44951 | C42: Charlie Brown | D42: Kolkata | E42: 748217594 | F42: CHARGER | G42: PRD-111-CHA | H42: Anker | I42: Electronics | J42: East | K42: 4996.88 | L42: 1301.19 | M42: East | N42: 0.26040049 | O42: Large Order | P42: High Profit | R42: Not Returned | S42: =IF(SalesData[[#This Row],[Return Status]]="Returned",1,0) -> 0 | T42: 207.68 | U42: =EOMONTH(SalesData[[#This Row],[Order Date]],0) -> 44957 | V42: ="Q"&INT((MONTH(SalesData[[#This Row],[Order Date]])+2)/3)&"-"&YEAR(SalesData[[#This Row],[Order Date]]) -> Q1-2023
A43: ORD-202301-00038 | B43: 44944 | C43: Eva Adams | D43: Pune | E43: 4090974395 | F43: SUNGLASSES | G43: PRD-109-SUN | H43: Unknown | I43: Accessories | J43: North | K43: 3148.68 | L43: 862.48 | M43: North | N43: 0.27391796 | O43: Large Order | P43: High Profit | R43: Not Returned | S43: =IF(SalesData[[#This Row],[Return Status]]="Returned",1,0) -> 0 | U43: =EOMONTH(SalesData[[#This Row],[Order Date]],0) -> 44957 | V43: ="Q"&INT((MONTH(SalesData[[#This Row],[Order Date]])+2)/3)&"-"&YEAR(SalesData[[#This Row],[Order Date]]) -> Q1-2023
A44: ORD-202301-00039 | B44: 44955 | C44: Lina Gomez | D44: Pune | E44: 2328588424 | F44: charger | G44: PRD-111-CHA | H44: Anker | I44: Electronics | J44: West | K44: 4815.21 | L44: 327.46 | M44: West | N44: 0.068005341 | O44: Large Order | P44: Low Profit | R44: Not Returned | S44: =IF(SalesData[[#This Row],[Return Status]]="Returned",1,0) -> 0 | T44: 207.68 | U44: =EOMONTH(SalesData[[#This Row],[Order Date]],0) -> 44957 | V44: ="Q"&INT((MONTH(SalesData[[#This Row],[Order Date]])+2)/3)&"-"&YEAR(SalesData[[#This Row],[Order Date]]) -> Q1-2023
A45: ORD-202301-00040 | B45: 44946 | C45: Frank Miller | D45: Mumbai | E45: 7549651370 | F45: sunglasses | G45: PRD-109-SUN | H45: Unknown | I45: Accessories | J45: North | K45: 4548.75 | L45: 507.6 | M45: North | N45: 0.1115911 | O45: Large Order | P45: Medium Profit | Q45: Damaged | R45: Returned | S45: =IF(SalesData[[#This Row],[Return Status]]="Returned",1,0) -> 1 | U45: =EOMONTH(SalesData[[#This Row],[Order Date]],0) -> 44957 | V45: ="Q"&INT((MONTH(SalesData[[#This Row],[Order Date]])+2)/3)&"-"&YEAR(SalesData[[#This Row],[Order Date]]) -> Q1-2023
A46: ORD-202301-00041 | B46: 44941 | C46: Bob Johnson | D46: Pune | E46: 7586926179 | F46: shoes | G46: PRD-100-SHO | H46: Nike | I46: Fashion | J46: South | K46: 4753.76 | L46: 1240.6 | M46: South | N46: 0.26097237 | O46: Large Order | P46: High Profit | R46: Not Returned | S46: =IF(SalesData[[#This Row],[Return Status]]="Returned",1,0) -> 0 | T46: 2793.38 | U46: =EOMONTH(SalesData[[#This Row],[Order Date]],0) -> 44957 | V46: ="Q"&INT((MONTH(SalesData[[#This Row],[Order Date]])+2)/3)&"-"&YEAR(SalesData[[#This Row],[Order Date]]) -> Q1-2023
A47: ORD-202301-00042 | B47: 44953 | C47: Frank Miller | D47: Mumbai | E47: 7139005329 | F47: JACKET | G47: PRD-108-JAC | H47: Unknown | I47: Fashion | J47: N | K47: 1656.23 | L47: 115.67 | M47: North | N47: 0.069839334 | O47: Large Order | P47: Low Profit | Q47: missing parts | R47: Returned | S47: =IF(SalesData[[#This Row],[Return Status]]="Returned",1,0) -> 1 | T47: 2085.91 | U47: =EOMONTH(SalesData[[#This Row],[Order Date]],0) -> 44957 | V47: ="Q"&INT((MONTH(SalesData[[#This Row],[Order Date]])+2)/3)&"-"&YEAR(SalesData[[#This Row],[Order Date]]) -> Q1-2023
A48: ORD-202301-00043 | B48: 44953 | C48: Maya Desai | D48: Bengaluru | E48: 539502402 | F48: jacket | G48: PRD-108-JAC | H48: NorthFace | I48: Fashion | J48: N | K48: 3894.52 | L48: 656.52 | M48: North | N48: 0.16857533 | O48: Large Order | P48: Medium Profit | R48: Not Returned | S48: =IF(SalesData[[#This Row],[Return Status]]="Returned",1,0) -> 0 | T48: 2085.91 | U48: =EOMONTH(SalesData[[#This Row],[Order Date]],0) -> 44957 | V48: ="Q"&INT((MONTH(SalesData[[#This Row],[Order Date]])+2)/3)&"-"&YEAR(SalesData[[#This Row],[Order Date]]) -> Q1-2023
A49: ORD-202301-00044 | B49: 44956 | C49: Lina Gomez | D49: New Delhi | E49: 7661771159 | F49: Laptop | G49: PRD-102-LAP | H49: Dell | I49: Electronics | J49: East | K49: 1916.9 | L49: 366.69 | M49: East | N49: 0.19129323 | O49: Large Order | P49: Medium Profit | R49: Not Returned | S49: =IF(SalesData[[#This Row],[Return Status]]="Returned",1,0) -> 0 | T49: 847.14 | U49: =EOMONTH(SalesData[[#This Row],[Order Date]],0) -> 44957 | V49: ="Q"&INT((MONTH(SalesData[[#This Row],[Order Date]])+2)/3)&"-"&YEAR(SalesData[[#This Row],[Order Date]]) -> Q1-2023
A50: ORD-202301-00045 | B50: 44947 | C50: Maya Desai | D50: Chennai | E50: 6736576615 | F50: camera | G50: PRD-110-CAM | H50: Canon | I50: Electronics | J50: West | K50: 354.32 | L50: 90.2 | M50: West | N50: 0.25457214 | O50: Small Order | P50: High Profit | R50: Not Returned | S50: =IF(SalesData[[#This Row],[Return Status]]="Returned",1,0) -> 0 | U50: =EOMONTH(SalesData[[#This Row],[Order Date]],0) -> 44957 | V50: ="Q"&INT((MONTH(SalesData[[#This Row],[Order Date]])+2)/3)&"-"&YEAR(SalesData[[#This Row],[Order Date]]) -> Q1-2023
A51: ORD-202301-00046 | B51: 44945 | C51: Ishan Kapoor | D51: Hyderabad | E51: 1656049451 | F51: Laptop | G51: PRD-102-LAP | H51: Dell | I51: Electronics | J51: East | K51: 1763.57 | L51: 317.78 | M51: East | N51: 0.18019132 | O51: Large Order | P51: Medium Profit | R51: Not Returned | S51: =IF(SalesData[[#This Row],[Return Status]]="Returned",1,0) -> 0 | T51: 847.14 | U51: =EOMONTH(SalesData[[#This Row],[Order Date]],0) -> 44957 | V51: ="Q"&INT((MONTH(SalesData[[#This Row],[Order Date]])+2)/3)&"-"&YEAR(SalesData[[#This Row],[Order Date]]) -> Q1-2023
A52: ORD-202301-00047 | B52: 44937 | C52: Nikhil Roy | D52: Kolkata | E52: 244550229 | F52: Shirt | G52: PRD-101-SHI | H52: Adidas | I52: Fashion | J52: South | K52: 476.95 | L52: 82.62 | M52: South | N52: 0.17322571 | O52: Small Order | P52: Medium Profit | R52: Not Returned | S52: =IF(SalesData[[#This Row],[Return Status]]="Returned",1,0) -> 0 | T52: 2821.33 | U52: =EOMONTH(SalesData[[#This Row],[Order Date]],0) -> 44957 | V52: ="Q"&INT((MONTH(SalesData[[#This Row],[Order Date]])+2)/3)&"-"&YEAR(SalesData[[#This Row],[Order Date]]) -> Q1-2023
A53: ORD-202301-00048 | B53: 44934 | C53: Eva Adams | D53: Mumbai | E53: 229014767 | F53: Phone | G53: PRD-106-PHO | H53: Apple | I53: Electronics | J53: S | K53: 1738.96 | L53: 104.23 | M53: South | N53: 0.059938124 | O53: Large Order | P53: Low Profit | Q53: missing parts | R53: Returned | S53: =IF(SalesData[[#This Row],[Return Status]]="Returned",1,0) -> 1 | T53: 2788.38 | U53: =EOMONTH(SalesData[[#This Row],[Order Date]],0) -> 44957 | V53: ="Q"&INT((MONTH(SalesData[[#This Row],[Order Date]])+2)/3)&"-"&YEAR(SalesData[[#This Row],[Order Date]]) -> Q1-2023
A54: ORD-202301-00049 | B54: 44952 | C54: Eva Adams | D54: New Delhi | E54: 343244510 | F54: LAPTOP | G54: PRD-102-LAP | H54: Unknown | I54: Electronics | J54: South | K54: 2511.31 | L54: 640.4 | M54: South | N54: 0.25500635 | O54: Large Order | P54: High Profit | R54: Not Returned | S54: =IF(SalesData[[#This Row],[Return Status]]="Returned",1,0) -> 0 | T54: 847.14 | U54: =EOMONTH(SalesData[[#This Row],[Order Date]],0) -> 44957 | V54: ="Q"&INT((MONTH(SalesData[[#This Row],[Order Date]])+2)/3)&"-"&YEAR(SalesData[[#This Row],[Order Date]]) -> Q1-2023
A55: ORD-202301-00050 | B55: 44927 | C55: Olivia Li | D55: Pune | E55: 6416052975 | F55: Shirt | G55: PRD-101-SHI | H55: Adidas | I55: Fashion | J55: N | K55: 1990.92 | L55: 226.52 | M55: North | N55: 0.11377655 | O55: Large Order | P55: Medium Profit | R55: Not Returned | S55: =IF(SalesData[[#This Row],[Return Status]]="Returned",1,0) -> 0 | T55: 2821.33 | U55: =EOMONTH(SalesData[[#This Row],[Order Date]],0) -> 44957 | V55: ="Q"&INT((MONTH(SalesData[[#This Row],[Order Date]])+2)/3)&"-"&YEAR(SalesData[[#This Row],[Order Date]]) -> Q1-2023
A56: ORD-202301-00051 | B56: 44930 | C56: Karan Singh | D56: Hyderabad | E56: 5231243292 | F56: laptop | G56: PRD-102-LAP | H56: Dell | I56: Electronics | J56: East | K56: 3777.14 | L56: 888.26 | M56: East | N56: 0.23516735 | O56: Large Order | P56: High Profit | Q56: Size issue | R56: Returned | S56: =IF(SalesData[[#This Row],[Return Status]]="Returned",1,0) -> 1 | T56: 847.14 | U56: =EOMONTH(SalesData[[#This Row],[Order Date]],0) -> 44957 | V56: ="Q"&INT((MONTH(SalesData[[#This Row],[Order Date]])+2)/3)&"-"&YEAR(SalesData[[#This Row],[Order Date]]) -> Q1-2023
A57: ORD-202301-00052 | B57: 44942 | C57: Frank Miller | D57: Kolkata | E57: 4905814770 | F57: Watch | G57: PRD - 104 - WAT | H57: Fossil | I57: Accessories | J57: West | K57: 3082.74 | L57: 514.53 | M57: West | N57: 0.16690671 | O57: Large Order | P57: Medium Profit | R57: Not Returned | S57: =IF(SalesData[[#This Row],[Return Status]]="Returned",1,0) -> 0 | U57: =EOMONTH(SalesData[[#This Row],[Order Date]],0) -> 44957 | V57: ="Q"&INT((MONTH(SalesData[[#This Row],[Order Date]])+2)/3)&"-"&YEAR(SalesData[[#This Row],[Order Date]]) -> Q1-2023
A58: ORD-202301-00053 | B58: 44928 | C58: Olivia Li | D58: Bengaluru | E58: 715182037 | F58: bag | G58: PRD-105-BAG | H58: Samsonite | I58: Accessories | J58: W | K58: 3876.83 | L58: 826.94 | M58: West | N58: 0.21330314 | O58: Large Order | P58: High Profit | R58: Not Returned | S58: =IF(SalesData[[#This Row],[Return Status]]="Returned",1,0) -> 0 | U58: =EOMONTH(SalesData[[#This Row],[Order Date]],0) -> 44957 | V58: ="Q"&INT((MONTH(SalesData[[#This Row],[Order Date]])+2)/3)&"-"&YEAR(SalesData[[#This Row],[Order Date]]) -> Q1-2023
A59: ORD-202301-00054 | B59: 44943 | C59: Frank Miller | D59: Kolkata | E59: 9251925462 | F59: Watch | G59: PRD-104-WAT | H59: Fossil | I59: Accessories | J59: East | K59: 4069.66 | L59: 858.42 | M59: East | N59: 0.21093163 | O59: Large Order | P59: High Profit | R59: Not Returned | S59: =IF(SalesData[[#This Row],[Return Status]]="Returned",1,0) -> 0 | T59: 2420.28 | U59: =EOMONTH(SalesData[[#This Row],[Order Date]],0) -> 44957 | V59: ="Q"&INT((MONTH(SalesData[[#This Row],[Order Date]])+2)/3)&"-"&YEAR(SalesData[[#This Row],[Order Date]]) -> Q1-2023
A60: ORD-202301-00055 | B60: 44931 | C60: Karan Singh | D60: Kolkata | E60: 2357332214 | F60: CAMERA | G60: PRD-110-CAM | H60: Canon | I60: Electronics | J60: East | K60: 2994.29 | L60: 214.54 | M60: East | N60: 0.071649707 | O60: Large Order | P60: Low Profit | R60: Not Returned | S60: =IF(SalesData[[#This Row],[Return Status]]="Returned",1,0) -> 0 | U60: =EOMONTH(SalesData[[#This Row],[Order Date]],0) -> 44957 | V60: ="Q"&INT((MONTH(SalesData[[#This Row],[Order Date]])+2)/3)&"-"&YEAR(SalesData[[#This Row],[Order Date]]) -> Q1-2023
A61: ORD-202301-00056 | B61: 44935 | C61: Hina Patel | D61: Chennai | E61: 7947383473 | F61: tablet | G61: PRD-107-TAB | H61: Samsung | I61: Electronics | J61: North | K61: 4832.02 | L61: 1210.71 | M61: North | N61: 0.25055981 | O61: Large Order | P61: High Profit | R61: Not Returned | S61: =IF(SalesData[[#This Row],[Return Status]]="Returned",1,0) -> 0 | T61: 2081.52 | U61: =EOMONTH(SalesData[[#This Row],[Order Date]],0) -> 44957 | V61: ="Q"&INT((MONTH(SalesData[[#This Row],[Order Date]])+2)/3)&"-"&YEAR(SalesData[[#This Row],[Order Date]]) -> Q1-2023
A62: ORD-202301-00057 | B62: 44929 | C62: Hina Patel | D62: Mumbai | E62: 4124782613 | F62: Shoes | G62: PRD-100-SHO | H62: Nike | I62: Fashion | J62: South | K62: 1194.17 | L62: 356.49 | M62: South | N62: 0.29852534 | O62: Large Order | P62: High Profit | R62: Not Returned | S62: =IF(SalesData[[#This Row],[Return Status]]="Returned",1,0) -> 0 | T62: 2793.38 | U62: =EOMONTH(SalesData[[#This Row],[Order Date]],0) -> 44957 | V62: ="Q"&INT((MONTH(SalesData[[#This Row],[Order Date]])+2)/3)&"-"&YEAR(SalesData[[#This Row],[Order Date]]) -> Q1-2023
A63: ORD-202301-00058 | B63: 44931 | C63: Karan Singh | D63: Kolkata | E63: 7277901043 | F63: Shirt | G63: PRD-101-SHI | H63: Adidas | I63: Fashion | J63: North | K63: 257.79 | L63: 36.95 | M63: North | N63: 0.14333372 | O63: Small Order | P63: Medium Profit | R63: Not Returned | S63: =IF(SalesData[[#This Row],[Return Status]]="Returned",1,0) -> 0 | T63: 2821.33 | U63: =EOMONTH(SalesData[[#This Row],[Order Date]],0) -> 44957 | V63: ="Q"&INT((MONTH(SalesData[[#This Row],[Order Date]])+2)/3)&"-"&YEAR(SalesData[[#This Row],[Order Date]]) -> Q1-2023
A64: ORD-202301-00059 | B64: 44951 | C64: Ishan Kapoor | D64: Bengaluru | E64: 4609539621 | F64: Shirt | G64: PRD-101-SHI | H64: Adidas | I64: Fashion | J64: South | K64: 1964.46 | L64: 308.3 | M64: South | N64: 0.1569388 | O64: Large Order | P64: Medium Profit | R64: Not Returned | S64: =IF(SalesData[[#This Row],[Return Status]]="Returned",1,0) -> 0 | T64: 2821.33 | U64: =EOMONTH(SalesData[[#This Row],[Order Date]],0) -> 44957 | V64: ="Q"&INT((MONTH(SalesData[[#This Row],[Order Date]])+2)/3)&"-"&YEAR(SalesData[[#This Row],[Order Date]]) -> Q1-2023
A65: ORD-202301-00060 | B65: 44939 | C65: Alice Smith | D65: Mumbai | E65: 9520585277 | F65: laptop | G65: PRD - 102 - LAP | H65: Dell | I65: Electronics | J65: South | K65: 204.18 | L65: 17.24 | M65: South | N65: 0.084435302 | O65: Small Order | P65: Low Profit | R65: Not Returned | S65: =IF(SalesData[[#This Row],[Return Status]]="Returned",1,0) -> 0 | U65: =EOMONTH(SalesData[[#This Row],[Order Date]],0) -> 44957 | V65: ="Q"&INT((MONTH(SalesData[[#This Row],[Order Date]])+2)/3)&"-"&YEAR(SalesData[[#This Row],[Order Date]]) -> Q1-2023
A66: ORD-202301-00061 | B66: 44942 | C66: Grace Chen | D66: Chennai | E66: 4505415667 | F66: Laptop | G66: PRD-102-LAP | H66: Dell | I66: Electronics | J66: N | K66: 4009.72 | L66: 907.45 | M66: North | N66: 0.22631256 | O66: Large Order | P66: High Profit | R66: Not Returned | S66: =IF(SalesData[[#This Row],[Return Status]]="Returned",1,0) -> 0 | T66: 847.14 | U66: =EOMONTH(SalesData[[#This Row],[Order Date]],0) -> 44957 | V66: ="Q"&INT((MONTH(SalesData[[#This Row],[Order Date]])+2)/3)&"-"&YEAR(SalesData[[#This Row],[Order Date]]) -> Q1-2023
A67: ORD-202301-00062 | B67: 44953 | C67: Frank Miller | D67: Kolkata | E67: 7962757059 | F67: Camera | G67: PRD-110-CAM | H67: Canon | I67: Electronics | J67: W | K67: 3362.5 | L67: 469.66 | M67: West | N67: 0.13967584 | O67: Large Order | P67: Medium Profit | R67: Not Returned | S67: =IF(SalesData[[#This Row],[Return Status]]="Returned",1,0) -> 0 | U67: =EOMONTH(SalesData[[#This Row],[Order Date]],0) -> 44957 | V67: ="Q"&INT((MONTH(SalesData[[#This Row],[Order Date]])+2)/3)&"-"&YEAR(SalesData[[#This Row],[Order Date]]) -> Q1-2023
A68: ORD-202301-00063 | B68: 44934 | C68: Charlie Brown | D68: Hyderabad | E68: 5690927557 | F68: Jacket | G68: PRD-108-JAC | H68: NorthFace | I68: Fashion | J68: East | K68: 1263.07 | L68: 76.58 | M68: East | N68: 0.060630052 | O68: Large Order | P68: Low Profit | R68: Not Returned | S68: =IF(SalesData[[#This Row],[Return Status]]="Returned",1,0) -> 0 | T68: 2085.91 | U68: =EOMONTH(SalesData[[#This Row],[Order Date]],0) -> 44957 | V68: ="Q"&INT((MONTH(SalesData[[#This Row],[Order Date]])+2)/3)&"-"&YEAR(SalesData[[#This Row],[Order Date]]) -> Q1-2023
A69: ORD-202301-00064 | B69: 44945 | C69: Bob Johnson | D69: Chennai | E69: 9473121727 | F69: Camera | G69: PRD-110-CAM | H69: Canon | I69: Electronics | J69: West | K69: 4458.83 | L69: 1158.71 | M69: West | N69: 0.25986862 | O69: Large Order | P69: High Profit | R69: Not Returned | S69: =IF(SalesData[[#This Row],[Return Status]]="Returned",1,0) -> 0 | U69: =EOMONTH(SalesData[[#This Row],[Order Date]],0) -> 44957 | V69: ="Q"&INT((MONTH(SalesData[[#This Row],[Order Date]])+2)/3)&"-"&YEAR(SalesData[[#This Row],[Order Date]]) -> Q1-2023
A70: ORD-202301-00065 | B70: 44935 | C70: Ishan Kapoor | D70: Bengaluru | E70: 3705895782 | F70: shirt | G70: PRD-101-SHI | H70: Unknown | I70: Fashion | J70: W | K70: 2637.96 | L70: 626.98 | M70: West | N70: 0.23767608 | O70: Large Order | P70: High Profit | R70: Not Returned | S70: =IF(SalesData[[#This Row],[Return Status]]="Returned",1,0) -> 0 | T70: 2821.33 | U70: =EOMONTH(SalesData[[#This Row],[Order Date]],0) -> 44957 | V70: ="Q"&INT((MONTH(SalesData[[#This Row],[Order Date]])+2)/3)&"-"&YEAR(SalesData[[#This Row],[Order Date]]) -> Q1-2023
A71: ORD-202301-00066 | B71: 44930 | C71: Hina Patel | D71: Bengaluru | E71: 2680182422 | F71: Bag | G71: PRD-105-BAG | H71: Samsonite | I71: Accessories | J71: North | K71: 4232.75 | L71: 413.38 | M71: North | N71: 0.097662276 | O71: Large Order | P71: Low Profit | R71: Not Returned | S71: =IF(SalesData[[#This Row],[Return Status]]="Returned",1,0) -> 0 | U71: =EOMONTH(SalesData[[#This Row],[Order Date]],0) -> 44957 | V71: ="Q"&INT((MONTH(SalesData[[#This Row],[Order Date]])+2)/3)&"-"&YEAR(SalesData[[#This Row],[Order Date]]) -> Q1-2023
A72: ORD-202301-00067 | B72: 44933 | C72: Eva Adams | D72: Bengaluru | E72: 2995900109 | F72: sunglasses | G72: PRD-109-SUN | H72: RayBan | I72: Accessories | J72: S | K72: 4447.2 | L72: 788.51 | M72: South | N72: 0.17730482 | O72: Large Order | P72: Medium Profit | R72: Not Returned | S72: =IF(SalesData[[#This Row],[Return Status]]="Returned",1,0) -> 0 | U72: =EOMONTH(SalesData[[#This Row],[Order Date]],0) -> 44957 | V72: ="Q"&INT((MONTH(SalesData[[#This Row],[Order Date]])+2)/3)&"-"&YEAR(SalesData[[#This Row],[Order Date]]) -> Q1-2023
A73: ORD-202301-00068 | B73: 44938 | C73: Grace Chen | D73: Bengaluru | E73: 7677359255 | F73: Phone | G73: PRD-106-PHO | H73: Apple | I73: Electronics | J73: N | K73: 1609.2 | L73: 250.95 | M73: North | N73: 0.15594705 | O73: Large Order | P73: Medium Profit | R73: Not Returned | S73: =IF(SalesData[[#This Row],[Return Status]]="Returned",1,0) -> 0 | T73: 2788.38 | U73: =EOMONTH(SalesData[[#This Row],[Order Date]],0) -> 44957 | V73: ="Q"&INT((MONTH(SalesData[[#This Row],[Order Date]])+2)/3)&"-"&YEAR(SalesData[[#This Row],[Order Date]]) -> Q1-2023
A74: ORD-202301-00069 | B74: 44931 | C74: Eva Adams | D74: Bengaluru | E74: 5953278774 | F74: SHIRT | G74: PRD-101-SHI | H74: Adidas | I74: Fashion | J74: East | K74: 1091.42 | L74: 136.73 | M74: East | N74: 0.12527716 | O74: Large Order | P74: Medium Profit | R74: Not Returned | S74: =IF(SalesData[[#This Row],[Return Status]]="Returned",1,0) -> 0 | T74: 2821.33 | U74: =EOMONTH(SalesData[[#This Row],[Order Date]],0) -> 44957 | V74: ="Q"&INT((MONTH(SalesData[[#This Row],[Order Date]])+2)/3)&"-"&YEAR(SalesData[[#This Row],[Order Date]]) -> Q1-2023
A75: ORD-202301-00136 | B75: 44954 | C75: Eva Adams | D75: Bengaluru | E75: 5135346554 | F75: Tablet | G75: PRD-107-TAB | H75: Samsung | I75: Electronics | J75: South | K75: 2371.65 | L75: 195.72 | M75: South | N75: 0.082524824 | O75: Large Order | P75: Low Profit | Q75: damaged | R75: Returned | S75: =IF(SalesData[[#This Row],[Return Status]]="Returned",1,0) -> 1 | T75: 2081.52 | U75: =EOMONTH(SalesData[[#This Row],[Order Date]],0) -> 44957 | V75: ="Q"&INT((MONTH(SalesData[[#This Row],[Order Date]])+2)/3)&"-"&YEAR(SalesData[[#This Row],[Order Date]]) -> Q1-2023
A76: ORD-202301-00070 | B76: 44949 | C76: Ishan Kapoor | D76: Kolkata | E76: 5650609835 | F76: Shirt | G76: PRD-101-SHI | H76: Unknown | I76: Fashion | J76: South | K76: 4130.05 | L76: 818.89 | M76: South | N76: 0.19827605 | O76: Large Order | P76: Medium Profit | R76: Not Returned | S76: =IF(SalesData[[#This Row],[Return Status]]="Returned",1,0) -> 0 | T76: 2821.33 | U76: =EOMONTH(SalesData[[#This Row],[Order Date]],0) -> 44957 | V76: ="Q"&INT((MONTH(SalesData[[#This Row],[Order Date]])+2)/3)&"-"&YEAR(SalesData[[#This Row],[Order Date]]) -> Q1-2023
A77: ORD-202301-00071 | B77: 44945 | C77: Ishan Kapoor | D77: Pune | E77: 8000257872 | F77: bag | G77: PRD-105-BAG | H77: Samsonite | I77: Accessories | J77: East | K77: 4953.27 | L77: 1137.35 | M77: East | N77: 0.22961599 | O77: Large Order | P77: High Profit | Q77: Size issue | R77: Returned | S77: =IF(SalesData[[#This Row],[Return Status]]="Returned",1,0) -> 1 | U77: =EOMONTH(SalesData[[#This Row],[Order Date]],0) -> 44957 | V77: ="Q"&INT((MONTH(SalesData[[#This Row],[Order Date]])+2)/3)&"-"&YEAR(SalesData[[#This Row],[Order Date]]) -> Q1-2023
A78: ORD-202301-00072 | B78: 44951 | C78: Hina Patel | D78: Hyderabad | E78: 1694097499 | F78: sunglasses | G78: PRD-109-SUN | H78: RayBan | I78: Accessories | J78: West | K78: 755.92 | L78: 161.61 | M78: West | N78: 0.21379246 | O78: Medium Order | P78: High Profit | R78: Not Returned | S78: =IF(SalesData[[#This Row],[Return Status]]="Returned",1,0) -> 0 | U78: =EOMONTH(SalesData[[#This Row],[Order Date]],0) -> 44957 | V78: ="Q"&INT((MONTH(SalesData[[#This Row],[Order Date]])+2)/3)&"-"&YEAR(SalesData[[#This Row],[Order Date]]) -> Q1-2023
A79: ORD-202301-00073 | B79: 44932 | C79: Alice Smith | D79: Chennai | E79: 6897028385 | F79: jacket | G79: PRD-108-JAC | H79: NorthFace | I79: Fashion | J79: West | K79: 4562.38 | L79: 558.56 | M79: West | N79: 0.12242733 | O79: Large Order | P79: Medium Profit | R79: Not Returned | S79: =IF(SalesData[[#This Row],[Return Status]]="Returned",1,0) -> 0 | T79: 2085.91 | U79: =EOMONTH(SalesData[[#This Row],[Order Date]],0) -> 44957 | V79: ="Q"&INT((MONTH(SalesData[[#This Row],[Order Date]])+2)/3)&"-"&YEAR(SalesData[[#This Row],[Order Date]]) -> Q1-2023
A80: ORD-202301-00074 | B80: 44939 | C80: Hina Patel | D80: Kolkata | E80: 3443757584 | F80: sunglasses | G80: PRD-109-SUN | H80: RayBan | I80: Accessories | J80: North | K80: 4095.52 | L80: 1178.46 | M80: North | N80: 0.28774368 | O80: Large Order | P80: High Profit | R80: Not Returned | S80: =IF(SalesData[[#This Row],[Return Status]]="Returned",1,0) -> 0 | U80: =EOMONTH(SalesData[[#This Row],[Order Date]],0) -> 44957 | V80: ="Q"&INT((MONTH(SalesData[[#This Row],[Order Date]])+2)/3)&"-"&YEAR(SalesData[[#This Row],[Order Date]]) -> Q1-2023
A81: ORD-202301-00075 | B81: 44930 | C81: Olivia Li | D81: Chennai | E81: 3848421993 | F81: CAMERA | G81: PRD-110-CAM | H81: Canon | I81: Electronics | J81: W | K81: 281.41 | L81: 39.85 | M81: West | N81: 0.14160833 | O81: Small Order | P81: Medium Profit | R81: Not Returned | S81: =IF(SalesData[[#This Row],[Return Status]]="Returned",1,0) -> 0 | U81: =EOMONTH(SalesData[[#This Row],[Order Date]],0) -> 44957 | V81: ="Q"&INT((MONTH(SalesData[[#This Row],[Order Date]])+2)/3)&"-"&YEAR(SalesData[[#This Row],[Order Date]]) -> Q1-2023
A82: ORD-202301-00076 | B82: 44933 | C82: Ishan Kapoor | D82: Ahmedabad | E82: 7345401938 | F82: Laptop | G82: PRD-102-LAP | H82: Dell | I82: Electronics | J82: West | K82: 4985.92 | L82: 684.01 | M82: West | N82: 0.13718832 | O82: Large Order | P82: Medium Profit | R82: Not Returned | S82: =IF(SalesData[[#This Row],[Return Status]]="Returned",1,0) -> 0 | T82: 847.14 | U82: =EOMONTH(SalesData[[#This Row],[Order Date]],0) -> 44957 | V82: ="Q"&INT((MONTH(SalesData[[#This Row],[Order Date]])+2)/3)&"-"&YEAR(SalesData[[#This Row],[Order Date]]) -> Q1-2023
A83: ORD-202301-00701 | B83: 44936 | C83: Ishan Kapoor | D83: Pune | E83: 2697083868 | F83: tablet | G83: PRD-107-TAB | H83: Samsung | I83: Electronics | J83: East | K83: 3912.31 | L83: 194.11 | M83: East | N83: 0.049615189 | O83: Large Order | P83: Low Profit | Q83: Wrong item delivered | R83: Returned | S83: =IF(SalesData[[#This Row],[Return Status]]="Returned",1,0) -> 1 | T83: 2081.52 | U83: =EOMONTH(SalesData[[#This Row],[Order Date]],0) -> 44957 | V83: ="Q"&INT((MONTH(SalesData[[#This Row],[Order Date]])+2)/3)&"-"&YEAR(SalesData[[#This Row],[Order Date]]) -> Q1-2023
A84: ORD-202301-00077 | B84: 44941 | C84: Alice Smith | D84: Hyderabad | E84: 4788728743 | F84: LAPTOP | G84: PRD-102-LAP | H84: Dell | I84: Electronics | J84: N | K84: 90.14 | L84: 10.91 | M84: North | N84: 0.12103395 | O84: Small Order | P84: Medium Profit | R84: Not Returned | S84: =IF(SalesData[[#This Row],[Return Status]]="Returned",1,0) -> 0 | T84: 847.14 | U84: =EOMONTH(SalesData[[#This Row],[Order Date]],0) -> 44957 | V84: ="Q"&INT((MONTH(SalesData[[#This Row],[Order Date]])+2)/3)&"-"&YEAR(SalesData[[#This Row],[Order Date]]) -> Q1-2023
A85: ORD-202301-00078 | B85: 44935 | C85: Nikhil Roy | D85: Mumbai | E85: 6122753046 | F85: Watch | G85: PRD-104-WAT | H85: Unknown | I85: Accessories | J85: S | K85: 1322.53 | L85: 168.07 | M85: South | N85: 0.12708218 | O85: Large Order | P85: Medium Profit | R85: Not Returned | S85: =IF(SalesData[[#This Row],[Return Status]]="Returned",1,0) -> 0 | T85: 2420.28 | U85: =EOMONTH(SalesData[[#This Row],[Order Date]],0) -> 44957 | V85: ="Q"&INT((MONTH(SalesData[[#This Row],[Order Date]])+2)/3)&"-"&YEAR(SalesData[[#This Row],[Order Date]]) -> Q1-2023
A86: ORD-202301-00079 | B86: 44941 | C86: Grace Chen | D86: Kolkata | E86: 5933272795 | F86: JACKET | G86: PRD-108-JAC | H86: NorthFace | I86: Fashion | J86: East | K86: 3408.1 | L86: 650.5 | M86: East | N86: 0.19086881 | O86: Large Order | P86: Medium Profit | R86: Not Returned | S86: =IF(SalesData[[#This Row],[Return Status]]="Returned",1,0) -> 0 | T86: 2085.91 | U86: =EOMONTH(SalesData[[#This Row],[Order Date]],0) -> 44957 | V86: ="Q"&INT((MONTH(SalesData[[#This Row],[Order Date]])+2)/3)&"-"&YEAR(SalesData[[#This Row],[Order Date]]) -> Q1-2023
A87: ORD-202301-00080 | B87: 44944 | C87: Olivia Li | D87: Chennai | E87: 9822587139 | F87: JACKET | G87: PRD-108-JAC | H87: NorthFace | I87: Fashion | J87: W | K87: 2575.97 | L87: 394.99 | M87: West | N87: 0.15333641 | O87: Large Order | P87: Medium Profit | R87: Not Returned | S87: =IF(SalesData[[#This Row],[Return Status]]="Returned",1,0) -> 0 | T87: 2085.91 | U87: =EOMONTH(SalesData[[#This Row],[Order Date]],0) -> 44957 | V87: ="Q"&INT((MONTH(SalesData[[#This Row],[Order Date]])+2)/3)&"-"&YEAR(SalesData[[#This Row],[Order Date]]) -> Q1-2023
A88: ORD-202301-00081 | B88: 44941 | C88: Alice Smith | D88: Chennai | E88: 9106518017 | F88: phone | G88: PRD-106-PHO | H88: Apple | I88: Electronics | J88: South | K88: 1884.82 | L88: 510.15 | M88: South | N88: 0.27066245 | O88: Large Order | P88: High Profit | R88: Not Returned | S88: =IF(SalesData[[#This Row],[Return Status]]="Returned",1,0) -> 0 | T88: 2788.38 | U88: =EOMONTH(SalesData[[#This Row],[Order Date]],0) -> 44957 | V88: ="Q"&INT((MONTH(SalesData[[#This Row],[Order Date]])+2)/3)&"-"&YEAR(SalesData[[#This Row],[Order Date]]) -> Q1-2023
A89: ORD-202301-00430 | B89: 44946 | C89: Bob Johnson | D89: Hyderabad | E89: 7937639283 | F89: Sunglasses | G89: PRD-109-SUN | H89: RayBan | I89: Accessories | J89: East | K89: 607.46 | L89: 85.22 | M89: East | N89: 0.14028907 | O89: Medium Order | P89: Medium Profit | Q89: Defective | R89: Returned | S89: =IF(SalesData[[#This Row],[Return Status]]="Returned",1,0) -> 1 | U89: =EOMONTH(SalesData[[#This Row],[Order Date]],0) -> 44957 | V89: ="Q"&INT((MONTH(SalesData[[#This Row],[Order Date]])+2)/3)&"-"&YEAR(SalesData[[#This Row],[Order Date]]) -> Q1-2023
A90: ORD-202301-00082 | B90: 44945 | C90: Karan Singh | D90: Bengaluru | E90: 8682300478 | F90: Headphones | G90: PRD-103-HEA | H90: Unknown | I90: Electronics | J90: East | K90: 958.63 | L90: 255.29 | M90: East | N90: 0.26630713 | O90: Medium Order | P90: High Profit | R90: Not Returned | S90: =IF(SalesData[[#This Row],[Return Status]]="Returned",1,0) -> 0 | T90: 2183.56 | U90: =EOMONTH(SalesData[[#This Row],[Order Date]],0) -> 44957 | V90: ="Q"&INT((MONTH(SalesData[[#This Row],[Order Date]])+2)/3)&"-"&YEAR(SalesData[[#This Row],[Order Date]]) -> Q1-2023
A91: ORD-202301-00083 | B91: 44927 | C91: David Lee | D91: New Delhi | E91: 3067383028 | F91: Charger | G91: PRD-111-CHA | H91: Anker | I91: Electronics | J91: South | K91: 1199.78 | L91: 319.85 | M91: South | N91: 0.26659054 | O91: Large Order | P91: High Profit | R91: Not Returned | S91: =IF(SalesData[[#This Row],[Return Status]]="Returned",1,0) -> 0 | T91: 207.68 | U91: =EOMONTH(SalesData[[#This Row],[Order Date]],0) -> 44957 | V91: ="Q"&INT((MONTH(SalesData[[#This Row],[Order Date]])+2)/3)&"-"&YEAR(SalesData[[#This Row],[Order Date]]) -> Q1-2023
A92: ORD-202301-00084 | B92: 44941 | C92: Alice Smith | D92: Ahmedabad | E92: 568566246 | F92: HEADPHONES | G92: PRD-103-HEA | H92: Sony | I92: Electronics | J92: South | K92: 4032.77 | L92: 1117 | M92: South | N92: 0.27698083 | O92: Large Order | P92: High Profit | R92: Not Returned | S92: =IF(SalesData[[#This Row],[Return Status]]="Returned",1,0) -> 0 | T92: 2183.56 | U92: =EOMONTH(SalesData[[#This Row],[Order Date]],0) -> 44957 | V92: ="Q"&INT((MONTH(SalesData[[#This Row],[Order Date]])+2)/3)&"-"&YEAR(SalesData[[#This Row],[Order Date]]) -> Q1-2023
A93: ORD-202301-00085 | B93: 44954 | C93: Charlie Brown | D93: Mumbai | E93: 7518304699 | F93: HEADPHONES | G93: PRD-103-HEA | H93: Sony | I93: Electronics | J93: North | K93: 2407.38 | L93: 637.37 | M93: North | N93: 0.26475671 | O93: Large Order | P93: High Profit | R93: Not Returned | S93: =IF(SalesData[[#This Row],[Return Status]]="Returned",1,0) -> 0 | T93: 2183.56 | U93: =EOMONTH(SalesData[[#This Row],[Order Date]],0) -> 44957 | V93: ="Q"&INT((MONTH(SalesData[[#This Row],[Order Date]])+2)/3)&"-"&YEAR(SalesData[[#This Row],[Order Date]]) -> Q1-2023
A94: ORD-202301-00086 | B94: 44937 | C94: Lina Gomez | D94: Chennai | E94: 9363854678 | F94: watch | G94: PRD-104-WAT | H94: Fossil | I94: Accessories | J94: South | K94: 2340.7 | L94: 577.59 | M94: South | N94: 0.24675952 | O94: Large Order | P94: High Profit | Q94: Defective | R94: Returned | S94: =IF(SalesData[[#This Row],[Return Status]]="Returned",1,0) -> 1 | T94: 2420.28 | U94: =EOMONTH(SalesData[[#This Row],[Order Date]],0) -> 44957 | V94: ="Q"&INT((MONTH(SalesData[[#This Row],[Order Date]])+2)/3)&"-"&YEAR(SalesData[[#This Row],[Order Date]]) -> Q1-2023
A95: ORD-202301-00087 | B95: 44936 | C95: Frank Miller | D95: Bengaluru | E95: 489964235 | F95: Sunglasses | G95: PRD-109-SUN | H95: RayBan | I95: Accessories | J95: S | K95: 1301.49 | L95: 327.75 | M95: South | N95: 0.25182675 | O95: Large Order | P95: High Profit | R95: Not Returned | S95: =IF(SalesData[[#This Row],[Return Status]]="Returned",1,0) -> 0 | U95: =EOMONTH(SalesData[[#This Row],[Order Date]],0) -> 44957 | V95: ="Q"&INT((MONTH(SalesData[[#This Row],[Order Date]])+2)/3)&"-"&YEAR(SalesData[[#This Row],[Order Date]]) -> Q1-2023
A96: ORD-202301-00088 | B96: 44949 | C96: Lina Gomez | D96: Ahmedabad | E96: 2808010062 | F96: shirt | G96: PRD-101-SHI | H96: Adidas | I96: Fashion | J96: S | K96: 1878.54 | L96: 369.73 | M96: South | N96: 0.19681774 | O96: Large Order | P96: Medium Profit | R96: Not Returned | S96: =IF(SalesData[[#This Row],[Return Status]]="Returned",1,0) -> 0 | U96: =EOMONTH(SalesData[[#This Row],[Order Date]],0) -> 44957 | V96: ="Q"&INT((MONTH(SalesData[[#This Row],[Order Date]])+2)/3)&"-"&YEAR(SalesData[[#This Row],[Order Date]]) -> Q1-2023
A97: ORD-202301-00089 | B97: 44950 | C97: Alice Smith | D97: Kolkata | E97: 8408621182 | F97: Sunglasses | G97: PRD-109-SUN | H97: RayBan | I97: Accessories | J97: N | K97: 3978.78 | L97: 204.25 | M97: North | N97: 0.051334831 | O97: Large Order | P97: Low Profit | R97: Not Returned | S97: =IF(SalesData[[#This Row],[Return Status]]="Returned",1,0) -> 0 | U97: =EOMONTH(SalesData[[#This Row],[Order Date]],0) -> 44957 | V97: ="Q"&INT((MONTH(SalesData[[#This Row],[Order Date]])+2)/3)&"-"&YEAR(SalesData[[#This Row],[Order Date]]) -> Q1-2023
A98: ORD-202301-00090 | B98: 44937 | C98: Karan Singh | D98: New Delhi | E98: 1666870021 | F98: Camera | G98: PRD-110-CAM | H98: Canon | I98: Electronics | J98: West | K98: 4476.06 | L98: 1245.11 | M98: West | N98: 0.27817098 | O98: Large Order | P98: High Profit | R98: Not Returned | S98: =IF(SalesData[[#This Row],[Return Status]]="Returned",1,0) -> 0 | U98: =EOMONTH(SalesData[[#This Row],[Order Date]],0) -> 44957 | V98: ="Q"&INT((MONTH(SalesData[[#This Row],[Order Date]])+2)/3)&"-"&YEAR(SalesData[[#This Row],[Order Date]]) -> Q1-2023
A99: ORD-202301-00091 | B99: 44954 | C99: Eva Adams | D99: Kolkata | E99: 8902503926 | F99: laptop | G99: PRD-102-LAP | H99: Dell | I99: Electronics | J99: N | K99: 3391.63 | L99: 596.76 | M99: North | N99: 0.1759508 | O99: Large Order | P99: Medium Profit | R99: Not Returned | S99: =IF(SalesData[[#This Row],[Return Status]]="Returned",1,0) -> 0 | T99: 847.14 | U99: =EOMONTH(SalesData[[#This Row],[Order Date]],0) -> 44957 | V99: ="Q"&INT((MONTH(SalesData[[#This Row],[Order Date]])+2)/3)&"-"&YEAR(SalesData[[#This Row],[Order Date]]) -> Q1-2023
A100: ORD-202301-00092 | B100: 44930 | C100: Lina Gomez | D100: Mumbai | E100: 5999650477 | F100: jacket | G100: PRD-108-JAC | H100: NorthFace | I100: Fashion | J100: North | K100: 446.76 | L100: 88.02 | M100: North | N100: 0.19701853 | O100: Small Order | P100: Medium Profit | R100: Not Returned | S100: =IF(SalesData[[#This Row],[Return Status]]="Returned",1,0) -> 0 | T100: 2085.91 | U100: =EOMONTH(SalesData[[#This Row],[Order Date]],0) -> 44957 | V100: ="Q"&INT((MONTH(SalesData[[#This Row],[Order Date]])+2)/3)&"-"&YEAR(SalesData[[#This Row],[Order Date]]) -> Q1-2023
...

Sheet Return %
A3: Row Labels | B3: Sum of Return Rate
A4: East | B4: 0.10721868
A5: North | B5: 0.098762799
A6: South | B6: 0.10174419
A7: West | B7: 0.095415778
A8: Grand Total | B8: 0.40314145

Sheet Profit & Sales by Region
A1: Region_Clean | B1: Total Sales | C1: Total Profit
A2: North | B2: 11864784 | C2: 1948886.7
A3: East | B3: 4578597.2 | C3: 759583.13
A4: South | B4: 6792448.4 | C4: 1142387.2
A5: West | B5: 4752692.4 | C5: 787018.37

Sheet Avg Profit Margin by Brand
A1: Brand | B1: Avg Profit Margin
A2: RayBan | B2: 0.16890744
A3: Adidas | B3: 0.16838405
A4: Anker | B4: 0.16829268
A5: Unknown | B5: 0.16769948
A6: Nike | B6: 0.16762456
A7: Fossil | B7: 0.16753039
A8: Samsonite | B8: 0.16686785
A9: Apple | B9: 0.16522243
A10: Canon | B10: 0.16410618
A11: Samsung | B11: 0.16401588
A12: Sony | B12: 0.16355969
A13: Dell | B13: 0.16233255
A14: NorthFace | B14: 0.16176615
